[
  {
    "_id":1,
    "smartSearch":"AngularJs developer in Chennai",
    "usedCount":0,
    "lastUsed":"Never"
  },
  {
    "_id":11,
    "smartSearch":"Java developer in Chennai",
    "usedCount":0,
    "lastUsed":"Never"
  },
  {
    "_id":2,
    "smartSearch":"MEAN Stack Developer in kochi having 5 years International experience ",
    "usedCount":0,
    "lastUsed":"Never"
  },
  {
    "_id":3,
    "smartSearch":"Frontend Designer with a diploma in UI designing and experience of 3 years",
    "usedCount":0,
    "lastUsed":"Never"
  },
  {
    "_id":4,
    "smartSearch":"NodeJS developer with a 2 years International Experience in backend programming",
    "usedCount":0,
    "lastUsed":"Never"
  },
  {
    "_id":5,
    "smartSearch":"Java Tester having knowledge of backend programming and 4 years experience in testing",
    "usedCount":0,
    "lastUsed":"Never"
  },
  {
    "_id":6,
    "smartSearch":"Database administrator with a 7 years experience in cross platform database management",
    "usedCount":0,
    "lastUsed":"Never"
  },
  {
    "_id":7,
    "smartSearch":"HTML coder in Mumbai with 6 years experience in frontend programming",
    "usedCount":0,
    "lastUsed":"Never"
  },
  {
    "_id":8,
    "smartSearch":"C# programmer with 5 years international and 6 years domestic experience in Delhi",
    "usedCount":0,
    "lastUsed":"Never"
  },
  {
    "_id":9,
    "smartSearch":"C++ programmer in Kochi having MDN Certifications",
    "usedCount":0,
    "lastUsed":"Never"
  },
  {
    "_id":10,
    "smartSearch":"M_iddleware Application Developer in hyderabad with 5 years international experience in backend and m_iddleware programming ",
    "usedCount":0,
    "lastUsed":"Never"
  }
]
