{
"CardThemes":[
  {
    "theme": "red",
    "primaryPalette": "red",
    "accentPalette": "red",
    "warnPalette": "red",
    "backgroundPalette": "red"
  },
  {
    "theme": "green",
    "primaryPalette": "green",
    "accentPalette": "green",
    "warnPalette": "light-green",
    "backgroundPalette": "light-green"
  },
  {
    "theme": "blue",
    "primaryPalette": "blue",
    "accentPalette": "blue",
    "warnPalette": "blue",
    "backgroundPalette": "light-blue"
  },
  {
    "theme": "grey",
    "primaryPalette": "grey",
    "accentPalette": "grey",
    "warnPalette": "grey",
    "backgroundPalette": "grey"
  },
  {
    "theme": "cyan",
    "primaryPalette": "cyan",
    "accentPalette": "cyan",
    "warnPalette": "cyan",
    "backgroundPalette": "cyan"
  }
],
"BackgroundImage" : [ "1","2"
],
"FontStyle" : [
	"verdana","courier"
],
"FontColor" : [
	"black","white"
]
}
